Workbook

Sheet A 2025-2027
A1: seura | B1: kausi | C1: kaikki ottelut | D1: ottelut voitto | E1: ottelut tasapeli | F1: ottelut tappio | G1: pisteet Lempo | H1: pisteet muut | I1: eräpisteet I-V | J1: eräpisteet muut | K1: sijoitus
A2: Lempo A2 | B2: 2025-2026 | C2: ='A 2025-2026'!R2 -> 19 | D2: ='A 2025-2026'!O2 -> 10 | E2: ='A 2025-2026'!P2 -> 0 | F2: ='A 2025-2026'!Q2 -> 9 | G2: ='A 2025-2026'!O3 -> 23 | H2: ='A 2025-2026'!Q3 -> 19 | I2: ='A 2025-2026'!O4 -> 973 | J2: ='A 2025-2026'!Q4 -> 943 | K2: 18
A3: A-Volley | B3: 2026-2027 | C3: ='A 2026-2027'!R3 -> 0 | D3: ='A 2026-2027'!O3 -> 0 | E3: ='A 2026-2027'!P3 -> 0 | F3: ='A 2026-2027'!Q3 -> 0 | G3: ='A 2026-2027'!O4 -> 0 | H3: ='A 2026-2027'!Q4 -> 0 | I3: ='A 2026-2027'!O5 -> 0 | J3: ='A 2026-2027'!Q5 -> 0
B4: yhteensä | C4: =SUM(C2:C3) -> 19 | D4: =SUM(D2:D3) -> 10 | E4: =SUM(E2:E3) -> 0 | F4: =SUM(F2:F3) -> 9 | G4: =SUM(G2:G3) -> 23 | H4: =SUM(H2:H3) -> 19 | I4: =SUM(I2:I3) -> 973 | J4: =SUM(J2:J3) -> 943

Sheet A 2026-2027
A1: päivä | B1: viikonpäivä | E1: Tulos | F1: Eräpisteet | G1: 3 | H1: 2 | I1: 1 | J1: 0 | K1: pisteet | L1: pisteet | O1: A-Volley | P1: tasapeli | Q1: Muut | R1: yhteensä
A2: 31.10.2026 | B2: La | C2: A-Volley | D2: Viesti/NarPa | N2: voitot | O2: =SUM(H2:H23)+SUM(G2:G23) -> 0 | P2: =SUM(I2:I27) -> 0 | Q2: =SUM(J2:J27) -> 0 | R2: =SUM(O2:Q2) -> 0
A3: 31.10.2026 | B3: La | C3: A-Volley | D3: PuMa 3 | N3: pisteet | O3: =SUM(H2:H25)*2+SUM(I2:I277)+SUM(G2:G25)*3 -> 0 | Q3: =SUM(J2:J25)*2+SUM(I2:I27)+H9 -> 0 | R3: =SUM(O3:Q3) -> 0
A4: 31.10.2026 | B4: La | C4: A-Volley | D4: BV | N4: eräpisteet | O4: =SUM(K2:K28) -> 0 | Q4: =SUM(L2:L28) -> 0 | R4: =SUM(O4:Q4) -> 0

Sheet A 2025-2026
A1: päivä | B1: viikonpäivä | E1: Tulos | F1: Eräpisteet | G1: 3 | H1: 2 | I1: 1 | J1: 0 | K1: pisteet | L1: pisteet | O1: Lempo | P1: tasapeli | Q1: Muut | R1: yhteensä
A2: 45962 | B2: La | C2: Lempo A2 | D2: Salpis | E2: 2-1 | F2: 25-17,20-25,15-9 | H2: 1 | K2: 70 | L2: 51 | N2: voitot | O2: =SUM(H2:H23)+SUM(G2:G23) -> 10 | P2: =SUM(I2:I27) -> 0 | Q2: =SUM(J2:J27) -> 9 | R2: =SUM(O2:Q2) -> 19
A3: 45962 | B3: La | C3: Lempo A2 | D3: PuMa A1 | E3: 0-2 | F3: 16-25,10-25 | J3: 1 | K3: 26 | L3: 50 | N3: pisteet | O3: =SUM(H2:H25)*2+SUM(I2:I277)+SUM(G2:G25)*3 -> 23 | Q3: =SUM(J2:J25)*2+SUM(I2:I27)+H9 -> 19 | R3: =SUM(O3:Q3) -> 42
A4: 45962 | B4: La | C4: Lempo A2 | D4: PuMa A2 | E4: 1-2 | F4: 28-26,17-25,14-16 | J4: 1 | K4: 59 | L4: 67 | N4: eräpisteet | O4: =SUM(K2:K28) -> 973 | Q4: =SUM(L2:L28) -> 943 | R4: =SUM(O4:Q4) -> 1916
A5: 45981 | B5: La | C5: Lempo A2 | D5: Jou | E5: 0-2 | F5: 13-25,15-25 | J5: 1 | K5: 28 | L5: 50
A6: 45981 | B6: La | C6: Lempo A2 | D6: VaLePa | E6: 0-2 | F6: 21-25,17-25 | J6: 1 | K6: 38 | L6: 50
A7: 45981 | B7: La | C7: Lempo A2 | D7: OsVa PU17 | E7: 0-2 | F7: 21-25,14-25 | J7: 1 | K7: 35 | L7: 50
A8: 46004 | B8: La | C8: Lempo A2 | D8: BV | E8: 3-0 | F8: 25-13,25-11,25-19 | G8: 1 | K8: 75 | L8: 43
A9: 46004 | B9: La | C9: Lempo A2 | D9: PuMa3 | E9: 2-1 | F9: 25-22,19-25,25-20 | H9: 1 | K9: 69 | L9: 67
A10: 46046 | B10: La | C10: Lempo A2 | D10: OsVa PU17 | E10: 2-1 | F10: 25-16,26-28,15-5 | H10: 1 | K10: 66 | L10: 49
A11: 46046 | B11: La | C11: Lempo A2 | D11: VaLePa | E11: 0-2 | F11: 14-25,15-25 | J11: 1 | K11: 29 | L11: 50
A12: 46046 | B12: La | C12: Lempo A2 | D12: KriVe | E12: 0-2 | F12: 26-28,23-25 | J12: 1 | K12: 49 | L12: 53
A13: 46130 | B13: La | C13: Lempo A2 | D13: Salpis | E13: 2-0 | F13: 27-25,25-23 | H13: 1 | K13: 52 | L13: 48
A14: 46130 | B14: La | C14: Lempo A2 | D14: BV | E14: 2-0 | F14: 25-12,25-11 | H14: 1 | K14: 50 | L14: 23
A15: 46130 | B15: La | C15: Lempo A2 | D15: PuMa A3 | E15: 2-0 | F15: 25-19,25-23 | H15: 1 | K15: 50 | L15: 42
A16: 46144 | B16: La | C16: Lempo A2 | D16: BV | E16: 3-0 | F16: 26-24,25-17,25-17 | G16: 1 | K16: 76 | L16: 58
A17: 46144 | B17: La | C17: Lempo A2 | D17: PuMa A3 | E17: 3-0 | F17: 25-16-25-15,25-14 | G17: 1 | K17: 75 | L17: 45
A18: 46157 | B18: La | C18: Lempo A2 | D18: Äht U | E18: 2-1 | F18: 25-17,18-25,15-5 | H18: 1 | K18: 58 | L18: 47
A19: 46157 | B19: La | C19: Lempo A2 | D19: KriVe | E19: 0-2 | F19: 16-25,17-25 | J19: 1 | K19: 33 | L19: 50
A20: 46157 | B20: La | C20: Lempo A2 | D20: OsVa PU17 | E20: 0-2 | F20: 14-25,21-25 | J20: 1 | K20: 35 | L20: 50
