Workbook

Sheet B 2023-2027
A1: seura | B1: kausi | C1: kaikki ottelut | D1: ottelut voitto | E1: ottelut tasapeli | F1: ottelut tappio | G1: pisteet I-V/A-V | H1: pisteet muut | I1: eräpisteet I-V | J1: eräpisteet muut | K1: sijoitus
A2: Kajastus | B2: 2023-2024 | C2: ='B 2023-2024'!Q2 -> 26 | D2: ='B 2023-2024'!N2 -> 15 | E2: ='B 2023-2024'!O2 -> 3 | F2: ='B 2023-2024'!P2 -> 8 | G2: ='B 2023-2024'!N3 -> 33 | H2: ='B 2023-2024'!P3 -> 19 | I2: ='B 2023-2024'!N4 -> 1264 | J2: ='B 2023-2024'!P4 -> 1211 | K2: 15
A3: Isku-Veikot | B3: 2024-2025 | C3: ='B 2024-2025'!Q2 -> 23 | D3: ='B 2024-2025'!N2 -> 8 | E3: ='B 2024-2025'!O3 -> 0 | F3: ='B 2024-2025'!P2 -> 15 | G3: ='B 2024-2025'!N3 -> 16 | H3: ='B 2024-2025'!P3 -> 30 | I3: ='B 2024-2025'!N4 -> 1050 | J3: ='B 2024-2025'!P4 -> 1147 | K3: 23
A4: A-Volley | B4: 2025-2026 | C4: ='B 2025-2026'!R2 -> 23 | D4: ='B 2025-2026'!O2 -> 10 | E4: ='B 2025-2026'!P2 -> 4 | F4: ='B 2025-2026'!Q2 -> 9 | G4: ='B 2025-2026'!O3 -> 25 | H4: ='B 2025-2026'!Q3 -> 23 | I4: ='B 2025-2026'!O4 -> 1146 | J4: ='B 2025-2026'!Q4 -> 1122 | K4: 14
A5: A-Volley | B5: 2026-2027 | C5: ='B 2026-2027'!R2 -> 1 | D5: ='B 2026-2027'!O2 -> 1 | E5: ='B 2026-2027'!P2 -> 0 | F5: ='B 2026-2027'!Q2 -> 0 | G5: ='B 2026-2027'!O2 -> 1 | H5: ='B 2026-2027'!Q2 -> 0 | I5: ='B 2026-2027'!O2 -> 1 | J5: ='B 2026-2027'!Q2 -> 0
B6: yhteensä | C6: =SUM(C2:C5) -> 73 | D6: =SUM(D2:D5) -> 34 | E6: =SUM(E2:E5) -> 7 | F6: =SUM(F2:F5) -> 32 | G6: =SUM(G2:G5) -> 75 | H6: =SUM(H2:H5) -> 72 | I6: =SUM(I2:I5) -> 3461 | J6: =SUM(J2:J5) -> 3480

Sheet B 2026-2027
A1: päivä | B1: viikonpäivä | E1: Tulos | F1: Eräpisteet | G1: 3 | H1: 2 | I1: 1 | J1: 0 | K1: pisteet | L1: pisteet | O1: A-V | P1: tasapeli | Q1: Muut | R1: yhteensä | S1: yhteensä
A2: 46312 | B2: La | C2: A-Volley | D2: Pirkat Blue | E2: 0-2 | F2: 19-25,16-25 | J2: 0 | K2: 35 | L2: 50 | N2: voitot | O2: =SUM(H2:H24) -> 1 | P2: =SUM(I10:I13) -> 0 | Q2: =SUM(J2:J24)+I9 -> 0 | R2: =SUM(O2:Q2) -> 1 | S2: =R2*2 -> 2
A3: 46312 | B3: La | C3: A-Volley | D3: PuMa 2 | E3: 2-0 | F3: 25-21,25-23 | H3: 1 | K3: 50 | L3: 43 | N3: pisteet | O3: =SUM(H2:H24)*2+SUM(I2:I24) -> 2 | Q3: =SUM(J2:J24)*2+SUM(I10:I13)+H8+I9*2 -> 0 | R3: =SUM(O3:Q3) -> 2
A4: 46312 | B4: La | C4: A-Volley | D4: Viesti Red | E4: 0-2 | F4: 21-25,11-25 | J4: 0 | K4: 32 | L4: 60 | N4: eräpisteet | O4: =SUM(K2:K24) -> 117 | Q4: =SUM(L2:L24) -> 153 | R4: =SUM(O4:Q4) -> 270

Sheet B 2025-2026
A1: päivä | B1: viikonpäivä | E1: Tulos | F1: Eräpisteet | G1: 3 | H1: 2 | I1: 1 | J1: 0 | K1: pisteet | L1: pisteet | O1: A-V | P1: tasapeli | Q1: Muut | R1: yhteensä | S1: yhteensä
A2: 45934 | B2: La | C2: A-Volley | D2: Kajastus | E2: 2-0 | F2: 25-5,25-127 | H2: 1 | K2: 50 | L2: 17 | N2: voitot | O2: =SUM(H2:H24) -> 10 | P2: =SUM(I10:I13) -> 4 | Q2: =SUM(J2:J24)+I9 -> 9 | R2: =SUM(O2:Q2) -> 23 | S2: =R2*2 -> 46
A3: 45934 | B3: La | C3: A-Volley | D3: PuMa AB | E3: 2-0 | F3: 25-10,25-12 | H3: 1 | K3: 50 | L3: 22 | N3: pisteet | O3: =SUM(H2:H24)*2+SUM(I2:I24) -> 25 | Q3: =SUM(J2:J24)*2+SUM(I10:I13)+H8+I9*2 -> 23 | R3: =SUM(O3:Q3) -> 48
A4: 45934 | B4: La | C4: A-Volley | D4: Viesti White | E4: 1-2 | F4: 25-23,19-25,12-15 | J4: 1 | K4: 56 | L4: 63 | N4: eräpisteet | O4: =SUM(K2:K24) -> 1146 | Q4: =SUM(L2:L24) -> 1122 | R4: =SUM(O4:Q4) -> 2268
A5: 45955 | B5: La | C5: A-Volley | D5: AK | E5: 2-0 | F5: 25-18,25-16 | H5: 1 | K5: 50 | L5: 34
A6: 46320 | B6: La | C6: A-Volley | D6: KempeLe | E6: 1-2 | F6: 25-21,12-25,13-15 | J6: 1 | K6: 50 | L6: 61
A7: 45955 | B7: La | C7: A-Volley | D7: JoU | E7: 0-2 | F7: 21-25,21-25 | J7: 1 | K7: 42 | L7: 50
A8: 45976 | B8: La | C8: A-Volley | D8: AK | E8: 2-1 | F8: 23-25,25-19,25-17 | H8: 1 | K8: 73 | L8: 61
A9: 45976 | B9: La | C9: A-Volley | D9: OsVa2 | E9: 1-2 | F9: 25-19,15-25,0-25 | I9: 1 | K9: 40 | L9: 69
A10: 45997 | B10: La | C10: A-Volley | D10: BV | E10: 1-1 | F10: 25-19,24-26 | I10: 1 | K10: 49 | L10: 45
A11: 45997 | B11: La | C11: A-Volley | D11: PuMa Spike | E11: 1-1 | F11: 25-20,20-25 | I11: 1 | K11: 45 | L11: 45
A12: 45997 | B12: La | C12: A-Volley | D12: PuMa Smash | E12: 1-1 | F12: 25-18,22-25 | I12: 1 | K12: 47 | L12: 43
A13: 45997 | B13: La | C13: A-Volley | D13: Viesti White | E13: 1-1 | F13: 25-19,15-25 | I13: 1 | K13: 40 | L13: 44
A14: 45308 | B14: La | C14: A-Volley | D14: AK | E14: 2-1 | F14: 19-25,25-14,25-17 | H14: 1 | K14: 69 | L14: 56
A15: 45674 | B15: La | C15: A-Volley | D15: OsVa2 | E15: 2-1 | F15: 25-20,25-21,18-25 | H15: 1 | K15: 68 | L15: 66
A16: 46060 | B16: La | C16: A-Volley | D16: KempeLe | E16: 2-1 | F16: 20-25,26-24,15-13 | H16: 1 | K16: 61 | L16: 62
A17: 46060 | B17: La | C17: A-Volley | D17: PuWo | E17: 1-2 | F17: 23-25,25-23,12-15 | J17: 1 | K17: 60 | L17: 63
A18: 46060 | B18: La | C18: A-Volley | D18: AK | E18: 2-0 | F18: 25-23.25-13 | H18: 1 | K18: 50 | L18: 36
A19: 46109 | B19: La | C19: A-Volley | D19: JoU | E19: 0-2 | F19: 16-25,20-25 | J19: 1 | K19: 36 | L19: 50
A20: 45744 | B20: La | C20: A-Volley | D20: Jankko1 | E20: 0-2 | F20: 12-25,7-25 | J20: 1 | K20: 19 | L20: 50
A21: 46109 | B21: La | C21: A-Volley | D21: OsVa1 | E21: 0-2 | F21: 17-25,16-25 | J21: 1 | K21: 33 | L21: 50
A22: 46137 | B22: La | C22: A-Volley | D22: Lempo | E22: 0-2 | F22: 21-25,24-26 | J22: 1 | K22: 47 | L22: 51
A23: 46137 | B23: La | C23: A-Volley | D23: PuMa Smash | E23: 2-0 | F23: 25-13,25-14 | H23: 1 | K23: 50 | L23: 27
A24: 46137 | B24: La | C24: A-Volley | D24: KempeLe | E24: 2-1 | F24: 25-20,21-25,15-11 | H24: 1 | K24: 61 | L24: 57

Sheet B 2024-2025
A1: päivä | B1: viikonpäivä | E1: Tulos | F1: Eräpisteet | G1: 2 | H1: 1 | I1: 0 | J1: pisteet | K1: pisteet | N1: I-V | O1: tasapeli | P1: Muut | Q1: yhteensä
A2: 45577 | B2: La | C2: Isku-Veikot | D2: Viesti Red | E2: 0-2 | F2: 18-25,10-25 | I2: 1 | J2: 28 | K2: 50 | M2: voitot | N2: =SUM(G2:G29) -> 8 | O2: =SUM(H2:H29) -> 0 | P2: =SUM(I2:I29) -> 15 | Q2: =SUM(N2:P2) -> 23
A3: 45577 | B3: La | C3: Isku-Veikot | D3: KoKa | E3: 0-2 | F3: 22-25,22-25 | I3: 1 | J3: 44 | K3: 50 | M3: pisteet | N3: =SUM(G2:G29)*2+SUM(H2:H29) -> 16 | P3: =SUM(I2:I29)*2+SUM(H2:H29) -> 30 | Q3: =SUM(N3:P3) -> 46
A4: 45577 | B4: La | C4: Isku-Veikot | D4: Jankko B2 | E4: 0-2 | F4: 24-26,20-25 | I4: 1 | J4: 44 | K4: 51 | M4: eräpisteet | N4: =SUM(J2:J24) -> 1050 | P4: =SUM(K2:K24) -> 1147 | Q4: =SUM(N4:P4) -> 2197
A5: 45591 | B5: La | C5: Isku-Veikot | D5: Lempo-Volley | E5: 0-2 | F5: 16-25,15-25 | I5: 1 | J5: 31 | K5: 50
A6: 45591 | B6: La | C6: Isku-Veikot | D6: Ähtärin Urheilijat | E6: 1-2 | F6: 25-19,16-25,10-15 | I6: 1 | J6: 51 | K6: 59
A7: 45591 | B7: La | C7: Isku-Veikot | D7: PuWo | E7: 2-0 | F7: 25-11,25-20 | G7: 1 | J7: 50 | K7: 31
A8: 45612 | B8: La | C8: Isku-Veikot | D8: Salpis | E8: 0-2 | F8: 16-25,13-25 | I8: 1 | J8: 29 | K8: 50
A9: 45612 | B9: La | C9: Isku-Veikot | D9: PuMa B3 | E9: 2-0 | F9: 29-27,26-24 | G9: 1 | J9: 55 | K9: 51
A10: 45612 | B10: La | C10: Isku-Veikot | D10: KoKa | E10: 0-2 | F10: 21-25,9-25 | I10: 1 | J10: 30 | K10: 50
A11: 45633 | B11: La | C11: Isku-Veikot | D11: BV | E11: 2-0 | F11: 25-15,26-24 | G11: 1 | J11: 51 | K11: 39
A12: 45633 | B12: La | C12: Isku-Veikot | D12: PuMa B3 | E12: 2-0 | F12: 25-14,25-20 | G12: 1 | J12: 50 | K12: 34
A13: 45633 | B13: La | C13: Isku-Veikot | D13: PuMa B4 | E13: 2-1 | F13: 18-25,25-14,15-9 | G13: 1 | J13: 58 | K13: 48
A14: 45676 | B14: Su | C14: Isku-Veikot | D14: BV | E14: 2-1 | F14: 25-21,24-26,15-8 | G14: 1 | J14: 64 | K14: 56
A15: 45676 | B15: Su | C15: Isku-Veikot | D15: KoKa | E15: 0-2 | F15: 22-25-20-25 | I15: 1 | J15: 42 | K15: 50
A16: 45676 | B16: Su | C16: Isku-Veikot | D16: Jankko B2 | E16: 0-2 | F16: 9-25,18-25 | I16: 1 | J16: 27 | K16: 50
A17: 45696 | B17: La | C17: Isku-Veikot | D17: VaLePa | E17: 0-2 | F17: 17-25,16-25 | I17: 1 | J17: 33 | K17: 50
A18: 45696 | B18: La | C18: Isku-Veikot | D18: BV | E18: 2-0 | F18: 25-9,25-12 | G18: 1 | J18: 50 | K18: 21
A19: 45696 | B19: La | C19: Isku-Veikot | D19: KoKa | E19: 0-2 | F19: 19-25,21-25 | I19: 1 | J19: 40 | K19: 50
A20: 45745 | B20: La | C20: Isku-Veikot | D20: Lempo-Volley | E20: 1-2 | F20: 25-19,21-25,9-15 | I20: 1 | J20: 55 | K20: 59
A21: 45745 | B21: La | C21: Isku-Veikot | D21: BV | E21: 2-1 | F21: 25-17,17-25,15-10 | G21: 1 | J21: 57 | K21: 52
A22: 45745 | B22: La | C22: Isku-Veikot | D22: Salpis | E22: 0-2 | F22: 18-25,13-25 | I22: 1 | J22: 31 | K22: 50
A23: 45408 | B23: La | C23: Isku-Veikot | D23: BV | E23: 1-2 | F23: 25-22,22-25,21-25 | I23: 1 | J23: 68 | K23: 72
A24: 45408 | B24: La | C24: Isku-Veikot | D24: AK | E24: 1-2 | F24: 13-25,23-25,26-24 | I24: 1 | J24: 62 | K24: 74

Sheet B 2023-2024
A1: päivä | B1: viikonpäivä | E1: Tulos | F1: Eräpisteet | G1: 2 | H1: 1 | I1: 0 | J1: pisteet | K1: pisteet | N1: Kajastus | O1: tasapeli | P1: Muut | Q1: yhteensä
A2: 45201 | B2: Su | C2: Kajastus | D2: Jankko B2 | E2: 1-1 | F2: 21-25,25-15 | H2: 1 | J2: 46 | K2: 40 | M2: voitot | N2: =SUM(G2:G27) -> 15 | O2: =SUM(H2:H27) -> 3 | P2: =SUM(I2:I27) -> 8 | Q2: =SUM(N2:P2) -> 26
A3: 45201 | B3: Su | C3: Kajastus | D3: NarPa | E3: 2-0 | F3: 25-9,25-20 | G3: 1 | J3: 50 | K3: 29 | M3: pisteet | N3: =SUM(G2:G27)*2+SUM(H2:H27) -> 33 | P3: =SUM(I2:I27)*2+SUM(H2:H27) -> 19 | Q3: =SUM(N3:P3) -> 52
A4: 45201 | B4: Su | C4: Kajastus | D4: VaLePa | E4: 1-1 | F4: 18-25,25-23 | H4: 1 | J4: 43 | K4: 48 | M4: eräpisteet | N4: =SUM(J2:J27) -> 1264 | P4: =SUM(K2:K27) -> 1211 | Q4: =SUM(N4:P4) -> 2475
A5: 45201 | B5: Su | C5: Kajastus | D5: TKT | E5: 2-0 | F5: 25-14,26-24 | G5: 1 | J5: 51 | K5: 38
A6: 45220 | B6: La | C6: Kajastus | D6: YlöR | E6: 2-0 | F6: 25-13,25-19 | G6: 1 | J6: 50 | K6: 32
A7: 45220 | B7: La | C7: Kajastus | D7: KoKa | E7: 2-0 | F7: 25-22,25-13 | G7: 1 | J7: 50 | K7: 35
A8: 45220 | B8: La | C8: Kajastus | D8: VilTä | E8: 2-0 | F8: 25-19,25-14 | G8: 1 | J8: 50 | K8: 33
A9: 45220 | B9: La | C9: Kajastus | D9: OrPo | E9: 1-1 | F9: 25-18,20-25 | H9: 1 | J9: 45 | K9: 43
A10: 45241 | B10: La | C10: Kajastus | D10: PuMa B2 | E10: 2-0 | F10: 25-21,25-18 | G10: 1 | J10: 50 | K10: 39
A11: 45241 | B11: La | C11: Kajastus | D11: ArSi | E11: 2-1 | F11: 25-19,11-25,15-9 | G11: 1 | J11: 51 | K11: 53
A12: 45241 | B12: La | C12: Kajastus | D12: OrPo | E12: 2-0 | F12: 26-24,25-22 | G12: 1 | J12: 51 | K12: 46
A13: 45262 | B13: La | C13: Kajastus | D13: PuMa B1 | E13: 2-0 | F13: 25-21,25-23 | G13: 1 | J13: 50 | K13: 44
A14: 45262 | B14: La | C14: Kajastus | D14: OsVa B2 | E14: 2-1 | F14: 21-25,25-17,16-14 | G14: 1 | J14: 62 | K14: 56
A15: 45262 | B15: La | C15: Kajastus | D15: Krive | E15: 0-2 | F15: 26-28,22-25 | I15: 1 | J15: 48 | K15: 53
A16: 45304 | B16: La | C16: Kajastus | D16: Jankko | E16: 0-2 | F16: 20-25,17-25 | I16: 1 | J16: 37 | K16: 50
A17: 45304 | B17: La | C17: Kajastus | D17: VaLePa | E17: 2-0 | F17: 25-22,25-22 | G17: 1 | J17: 50 | K17: 44
A18: 45304 | B18: La | C18: Kajastus | D18: ArSi | E18: 2-1 | F18: 14-25,25-23,17-15 | G18: 1 | J18: 56 | K18: 63
A19: 45325 | B19: La | C19: Kajastus | D19: OsVa B2 | E19: 2-0 | F19: 25-19,25-20 | G19: 1 | J19: 50 | K19: 39
A20: 45325 | B20: La | C20: Kajastus | D20: KaPo | E20: 1-2 | F20: 24-26,25-19,11-15 | I20: 1 | J20: 60 | K20: 60
A21: 45325 | B21: La | C21: Kajastus | D21: Loimu1 | E21: 2-1 | F21: 18-25,25-14,17-15 | G21: 1 | J21: 60 | K21: 54
A22: 45374 | B22: La | C22: Kajastus | D22: LPK | E22: 0-2 | F22: 17-25,17-25 | I22: 1 | J22: 34 | K22: 50
A23: 45374 | B23: La | C23: Kajastus | D23: Krive | E23: 0-2 | F23: 15-25,20-25 | I23: 1 | J23: 35 | K23: 50
A24: 45374 | B24: La | C24: Kajastus | D24: YJ | E24: 0-2 | F24: 23-25,15-25 | I24: 1 | J24: 38 | K24: 50
A25: 45395 | B25: La | C25: Kajastus | D25: PuMaB2 | E25: 2-0 | F25: 25-22,25-20 | G25: 1 | J25: 50 | K25: 42
A26: 45395 | B26: La | C26: Kajastus | D26: ArSi | E26: 1-2 | F26: 32-30,17-25,9-15 | I26: 1 | J26: 58 | K26: 70
A27: 45395 | B27: La | C27: Kajastus | D27: VaLePa | E27: 0-2 | F27: 15-24,24-26 | I27: 1 | J27: 39 | K27: 50
