Workbook

Sheet all
A1: Sarja | B1: kaudet | C1: kaikki ottelut | D1: ottelut voitto | E1: ottelut tasapeli | F1: ottelut tappio | G1: pisteet omat | H1: pisteet muut | I1: eräpisteet omat | J1: eräpisteet muut
A2: U14 | B2: 2023 | C2: =SUM(D2:F2) -> 12 | D2: =U14_2023!P2 -> 9 | E2: =U14_2023!J18 -> 0 | F2: =U14_2023!Q2 -> 3 | G2: =U14_2023!P3 -> 27 | H2: =U14_2023!Q3 -> 9 | I2: =U14_2023!P4 -> 507 | J2: =U14_2023!Q4 -> 356
A3: U16 | B3: 2023 | C3: =SUM(D3:F3) -> 12 | D3: =U16_2023!P2 -> 1 | E3: =U16_2023!Q2 -> 2 | F3: =U16_2023!R2 -> 9 | G3: =U16_2023!P3 -> 5 | H3: =U16_2023!R3 -> 29 | I3: =U16_2023!P4 -> 327 | J3: =U16_2023!R4 -> 496
A4: U16 | B4: 2024 | C4: =SUM(D4:F4) -> 12 | D4: =U16_2024!Q2 -> 1 | E4: =U16_2024!J23 -> 0 | F4: =U16_2024!R2 -> 11 | G4: =U16_2024!Q2 -> 1 | H4: =U16_2024!R2 -> 11 | I4: =U16_2024!Q4 -> 313 | J4: =U16_2024!R4 -> 467
A5: U16 | B5: 2025 | C5: =SUM(D5:F5) -> 27 | D5: =U16_2025!Q2 -> 12 | E5: =U16_2025!J31 -> 0 | F5: =U16_2025!R2 -> 15 | G5: =U16_2025!Q3 -> 36 | H5: =U16_2025!R3 -> 45 | I5: =U16_2025!Q4 -> 970 | J5: =U16_2025!R4 -> 927
A6: U18 | B6: 2025 | C6: =SUM(D6:F6) -> 3 | D6: =U18_2025!Q2 -> 0 | E6: =U18_2025!J23 -> 0 | F6: =U18_2025!R2 -> 3 | G6: =U18_2025!Q3 -> 0 | H6: =U18_2025!R3 -> 9 | I6: =U18_2025!Q4 -> 72 | J6: =U18_2025!R4 -> 126
A7: U18 | B7: 2026 | C7: =SUM(D7:F7) -> 25 | D7: =U18_2026!Q2 -> 6 | E7: =U18_2026!R2 -> 1 | F7: =U18_2026!T2 -> 18 | G7: =U18_2026!Q3 -> 17 | H7: =U18_2026!S3 -> 34 | I7: =U18_2026!Q4 -> 78 | J7: =U18_2026!S4 -> 127
A8: JNCT | B8: 2026 | C8: =SUM(D8:F8) -> 9 | D8: =JNCT_2026!Q3 -> 0 | E8: 0 | F8: =JNCT_2026!S2 -> 9 | G8: =JNCT_2026!Q3 -> 0 | H8: =JNCT_2026!R3 -> 27 | I8: =JNCT_2026!Q4 -> 260 | J8: =JNCT_2026!R4 -> 391
A9: yhteensä | C9: =SUM(C2:C8) -> 100 | D9: =SUM(D2:D8) -> 29 | E9: =SUM(E2:E8) -> 3 | F9: =SUM(F2:F8) -> 68 | G9: =SUM(G2:G8) -> 86 | H9: =SUM(H2:H8) -> 164 | I9: =SUM(I2:I8) -> 2527 | J9: =SUM(J2:J8) -> 2890

Sheet JNCT_2026
A1: sarja | B1: päivä | C1: viikonpäivä | D1: Paikkakunta | G1: Tulos | H1: Eräpisteet | I1: 3 | J1: 2 | K1: 1 | L1: 0 | M1: pisteet | N1: pisteet | O1: sijoitus | Q1: Katoperä/ Antola | R1: Muut | S1: yhteensä
A2: JNCT | B2: 46200 | C2: La | D2: Hämeenlinna | E2: Katoperä/ Antola | F2: Rytkönen/ Delgado Florez | G2: 0-2 | H2: 11-21,14-21 | L2: 1 | M2: 25 | N2: 42 | P2: voitot | Q2: =SUM(I2:I12) -> 0 | R2: =SUM(L2:L12) -> 9 | S2: =SUM(Q2:R2) -> 9
A3: JNCT | B3: 46200 | C3: La | D3: Hämeenlinna | E3: Katoperä/ Antola | F3: Heikkilä/ Wickman | G3: 0-2 | H3: 15-21,11-21 | L3: 1 | M3: 26 | N3: 42 | P3: pisteet | Q3: =SUM(I2:I12)*3+SUM(J2:J12) -> 0 | R3: =SUM(K2:K12)*1+SUM(L2:L12)*3 -> 27 | S3: =SUM(Q3:R3) -> 27
A4: JNCT | B4: 46200 | C4: La | D4: Hämeenlinna | E4: Katoperä/ Antola | F4: Seppänen/ Mäkinen | G4: 0-2 | H4: 13-21,15-21 | L4: 1 | M4: 28 | N4: 42 | O4: 5 | P4: eräpisteet | Q4: =SUM(M2:M12) -> 260 | R4: =SUM(N2:N12) -> 391 | S4: =SUM(Q4:R4) -> 651
A5: JNCT | B5: 46205 | C5: To | D5: Hietsu Helsinki | E5: Katoperä/ Katoperä | F5: Kenttä/ Karjalainen | G5: 0-2 | H5: 16-21,8-21 | L5: 1 | M5: 24 | N5: 42
A6: JNCT | B6: 46205 | C6: La | D6: Hietsu Helsinki | E6: Katoperä/ Katoperä | F6: Saarimaa/ Heinonen | G6: 0-2 | H6: 11-21,2-21 | L6: 1 | M6: 13 | N6: 42
A7: JNCT | B7: 46205 | C7: To | D7: Hietsu Helsinki | E7: Katoperä/ Katoperä | F7: Peippo/Peippo | G7: 0-2 | H7: 18-21,18-21 | L7: 1 | M7: 36 | N7: 42 | O7: 17
A8: JNCT | B8: 46234 | C8: Pe | D8: Hämeenlinna | E8: Mäntylä/ Katoperä | F8: Ruusumaa/ Niemi | G8: 0-2 | H8: 8-21,22-24 | L8: 1 | M8: 30 | N8: 45
A9: JNCT | B9: 46234 | C9: Pe | D9: Hämeenlinna | E9: Mäntylä/ Katoperä | F9: Paajanen/ Puolakka | G9: 0-2 | H9: 15-21,16-21 | L9: 1 | M9: 31 | N9: 42
A10: JNCT | B10: 46234 | C10: Pe | D10: Hämeenlinna | E10: Mäntylä/ Katoperä | F10: Seppänen/ Mäkinen | G10: 1-2 | H10: 17-21,21-16,9-15 | L10: 1 | M10: 47 | N10: 52
A11: JNCT | B11: 46243 | C11: Su | D11: Karkkila | E11: Mäntylä/ Katoperä
A12: JNCT | B12: 46243 | C12: Su | D12: Karkkila | E12: Mäntylä/ Katoperä
A13: JNCT | B13: 46243 | C13: Su | D13: Karkkila | E13: Mäntylä/ Katoperä
A14: JNCT
A15: JNCT
I23: =SUM(I2:I22) -> 0 | J23: =SUM(J2:J22) -> 0 | K23: =SUM(K2:K22) -> 0 | L23: =SUM(L2:L22) -> 9 | M23: =SUM(M2:M22) -> 260 | N23: =SUM(N2:N22) -> 391

Sheet U18_2026
A1: sarja | B1: päivä | C1: viikonpäivä | D1: Paikkakunta | G1: Tulos | H1: Eräpisteet | I1: 3 | J1: 2 | K1: 1 | L1: 0 | M1: pisteet | N1: pisteet | O1: sijoitus | Q1: Katoperä/Setälä/Erkkonen | R1: tasapeli | S1: Muut | T1: yhteensä
A2: U18 | B2: 46189 | C2: Ti | D2: Tampere | E2: Katoperä/ Setälä | F2: Sieppi/ Antola | G2: 0-2 | H2: 14-21,20-22 | L2: 1 | M2: 34 | N2: 43 | P2: voitot | Q2: =SUM(I2:I20)+SUM(J2:J20) -> 6 | R2: =SUM(K2:K20) -> 1 | S2: =SUM(L2:L20) -> 11 | T2: =SUM(Q2:S2) -> 18
A3: U18 | B3: 46189 | C3: Ti | D3: Tampere | E3: Katoperä/ Setälä | F3: Vilokkinen/ Lassila | G3: 0-2 | H3: 10-21,10-21 | L3: 1 | M3: 20 | N3: 42 | P3: pisteet | Q3: =SUM(I2:I20)*3+SUM(J2:J20)*2+SUM(K2:K20) -> 17 | S3: =SUM(K2:K20)*1+SUM(L2:L20)*3 -> 34 | T3: =SUM(Q3:S3) -> 51
A4: U18 | B4: 46189 | C4: Ti | D4: Tampere | E4: Katoperä/ Setälä | F4: Välimäki/ Tuunainen | G4: 0-2 | H4: 18-21,6-21 | L4: 1 | M4: 24 | N4: 42 | O4: 9 | P4: eräpisteet | Q4: =SUM(M2:M4) -> 78 | S4: =SUM(N2:N4) -> 127 | T4: =SUM(Q4:S4) -> 205
A5: U18 | B5: 46202 | C5: Ma | D5: Jyväskylä | E5: Katoperä/ Erkkonen | F5: Antola/ Sieppi | G5: 1-1 | H5: 14-21,21-12 | K5: 1 | M5: 35 | N5: 33 | P5: voitot | Q5: =SUM(I5:I7) -> 0 | S5: =SUM(L5:L7) -> 1 | T5: =SUM(Q5:S5) -> 1
A6: U18 | B6: 46202 | C6: Ma | D6: Jyväskylä | E6: Katoperä/ Erkkonen | F6: Lindell/ Heimonen | G6: 2-0 | H6: 24-22,21-15 | J6: 1 | M6: 45 | N6: 37 | P6: pisteet | Q6: =SUM(I6:I24)*3+SUM(J6:J24) -> 14 | S6: =SUM(K5:K7)*1+SUM(L5:L7)*3 -> 4 | T6: =SUM(Q6:S6) -> 18
A7: U18 | B7: 46202 | C7: Ma | D7: Jyväskylä | E7: Katoperä/ Erkkonen | F7: Strang/ Päivärinta | G7: 0-2 | H7: 10-21,8-21 | L7: 1 | M7: 18 | N7: 42 | P7: eräpisteet | Q7: =SUM(M5:M7) -> 98 | S7: =SUM(N5:N7) -> 112 | T7: =SUM(Q7:S7) -> 210
A8: U18 | B8: 46202 | C8: Ma | D8: Jyväskylä | E8: Katoperä/ Erkkonen | F8: Tihinen/ Louhimaa | G8: 2-0 | H8: 21-19,21-14 | J8: 1 | M8: 42 | N8: 33 | P8: pisteet | Q8: =SUM(I8:I26)*3+SUM(J8:J26) -> 13 | S8: =SUM(K7:K9)*1+SUM(L7:L9)*3 -> 3 | T8: =SUM(Q8:S8) -> 16
A9: U18 | B9: 46202 | C9: Ma | D9: Jyväskylä | E9: Katoperä/ Erkkonen | F9: Hakala/ Peippo | G9: 2-0 | H9: 28-26,21-14 | I9: 1 | M9: 49 | N9: 40 | P9: eräpisteet | Q9: =SUM(M7:M9) -> 109 | S9: =SUM(N7:N9) -> 115 | T9: =SUM(Q9:S9) -> 224
A10: U18 | B10: 46202 | C10: Ma | D10: Jyväskylä | E10: Katoperä/ Erkkonen | F10: Vilokkinen/ Lassila | G10: 0-2 | H10: 12-21,17-21 | L10: 1 | M10: 29 | N10: 42
A11: U18 | B11: 46202 | C11: Ma | D11: Jyväskylä | E11: Katoperä/ Erkkonen | F11: Niskasaari/ Tihinen | G11: 0-2 | H11: 20-22,18-21 | L11: 1 | M11: 38 | N11: 43 | O11: 4
A12: U18 | B12: 46207 | C12: La | D12: Hietsu Helsinki | E12: Katoperä/ Erkkonen | F12: Pöyhönen/ Mansikkala | G12: 2-0 | H12: 21-11,21-19 | I12: 1 | M12: 42 | N12: 30
A13: U18 | B13: 46207 | C13: La | D13: Hietsu Helsinki | E13: Katoperä/ Erkkonen | F13: Uusitalo/ Wentus | G13: 0-2 | H13: 9-21,12-21 | L13: 1 | M13: 21 | N13: 42
A14: U18 | B14: 46207 | C14: La | D14: Hietsu Helsinki | E14: Katoperä/ Erkkonen | F14: Kreivilä/ Valtanen | G14: 2-1 | H14: 21-10,18-21,15-5 | I14: 1 | M14: 54 | N14: 36
A15: U18 | B15: 46207 | C15: La | D15: Hietsu Helsinki | E15: Katoperä/ Erkkonen | F15: Nurminen/ Peippo | G15: 2-1 | H15: 20-22,21-18,15-9 | I15: 1 | M15: 56 | N15: 49
A16: U18 | B16: 46207 | C16: La | D16: Hietsu Helsinki | E16: Katoperä/ Erkkonen | F16: Uusitalo/ Wentus | G16: 0-2 | H16: 12-21,12-21 | L16: 1 | M16: 24 | N16: 42 | O16: 2
A17: U18 | B17: 46241 | C17: Pe | D17: Hietsu Helsinki | E17: Katoperä/ Laukkanen | F17: Punnonen/ Häkkinen | G17: 1-2 | H17: 21-19,19-21,6-15 | L17: 1 | M17: 46 | N17: 55
A18: U18 | B18: 46241 | C18: La | D18: Hietsu Helsinki | E18: Katoperä/ Laukkanen | F18: Heikkilä/Niemi | G18: 0-2 | H18: 13-21,14-21 | L18: 1 | M18: 27 | N18: 42
A19: U18 | B19: 46241 | C19: La | D19: Hietsu Helsinki | E19: Katoperä/ Laukkanen | F19: Mattila/ Rajala | G19: 0-2 | H19: 10-21,11-21 | L19: 1 | M19: 21 | N19: 42 | O19: 9
A20: U18 | B20: 46241 | C20: La | D20: Hietsu Helsinki | E20: Katoperä/ Laukkanen

Sheet U18_2025
A1: sarja | B1: päivä | C1: viikonpäivä | D1: Paikkakunta | G1: Tulos | H1: Eräpisteet | I1: 3 | J1: 2 | K1: 1 | L1: 0 | M1: pisteet | N1: pisteet | O1: sijoitus | Q1: Katoperä/ Katoperä | R1: Muut | S1: yhteensä
A2: U18 | B2: 45851 | C2: Su | D2: Vaasa | E2: Katoperä/ Katoperä | F2: Piispanen/ Vilokkinen | G2: 0-2 | H2: 17-21,17-21 | L2: 1 | M2: 34 | N2: 42 | P2: voitot | Q2: =SUM(I2:I4) -> 0 | R2: =SUM(L2:L4) -> 3 | S2: =SUM(Q2:R2) -> 3
A3: U18 | B3: 45851 | C3: Su | D3: Vaasa | E3: Katoperä/ Katoperä | F3: Ruuska/ Nauha | G3: 0-2 | H3: 7-21,10-21 | L3: 1 | M3: 17 | N3: 42 | P3: pisteet | Q3: =SUM(I3:I21)*3+SUM(J3:J21) -> 0 | R3: =SUM(K2:K4)*1+SUM(L2:L4)*3 -> 9 | S3: =SUM(Q3:R3) -> 9
A4: U18 | B4: 45851 | C4: Su | D4: Vaasa | E4: Katoperä/ Katoperä | F4: Heikkilä/ Kaustinen | G4: 0-2 | H4: 10-21,11-21 | L4: 1 | M4: 21 | N4: 42 | O4: 9 | P4: eräpisteet | Q4: =SUM(M2:M4) -> 72 | R4: =SUM(N2:N4) -> 126 | S4: =SUM(Q4:R4) -> 198

Sheet U16_2025
A1: sarja | B1: päivä | C1: viikonpäivä | D1: Paikkakunta | G1: Tulos | H1: Eräpisteet | I1: 3 | J1: 2 | K1: 0 | L1: pisteet | M1: pisteet | N1: sijoitus | Q1: Katoperä/ Paloniemi/Antola | R1: Muut | S1: yhteensä
A2: U16 | B2: 45822 | C2: La | D2: Eura | E2: Katoperä/ Paloniemi | F2: Luoto/ Hakamäki | G2: 2-0 | H2: 21-6,21,3 | I2: 1 | L2: 42 | M2: 9 | P2: voitot | Q2: =SUM(I2:I28) -> 12 | R2: =SUM(K2:K28) -> 15 | S2: =SUM(Q2:R2) -> 27
A3: U16 | B3: 45822 | C3: La | D3: Eura | E3: Katoperä/ Paloniemi | F3: Oivanen/ Nurminen | G3: 1-2 | H3: 18-21,21-17,13-15 | K3: 1 | L3: 52 | M3: 53 | P3: pisteet | Q3: =3*Q2 -> 36 | R3: =3*R2 -> 45 | S3: =SUM(Q3:R3) -> 81
A4: U16 | B4: 45822 | C4: La | D4: Eura | E4: Katoperä/ Paloniemi | F4: Temisevä/ Ylitalo | G4: 0-2 | H4: 14-21, 17-21 | K4: 1 | L4: 31 | M4: 42 | N4: 9 | P4: eräpisteet | Q4: =SUM(L2:L28) -> 970 | R4: =SUM(M2:M28) -> 927 | S4: =SUM(Q4:R4) -> 1897
A5: U16 | B5: 45827 | C5: To | D5: Tampere | E5: Katoperä/ Paloniemi | F5: Luoto/ Hakamäki | G5: 2-0 | H5: 21-3,21-6 | I5: 1 | L5: 42 | M5: 9
A6: U16 | B6: 45827 | C6: To | D6: Tampere | E6: Katoperä/ Paloniemi | F6: Rainio/ Välimäki | G6: 0-2 | H6: 17-21,18-21 | K6: 1 | L6: 35 | M6: 42
A7: U16 | B7: 45827 | C7: To | D7: Tampere | E7: Katoperä/ Paloniemi | F7: Jokinen/ Mäenpää | G7: 2-0 | H7: 21-13,21-13 | I7: 1 | L7: 42 | M7: 26
A8: U16 | B8: 45827 | C8: To | D8: Tampere | E8: Katoperä/ Paloniemi | F8: Peltonen/ Parkkisenniemi | G8: 0-2 | H8: 8-21,15-21 | K8: 1 | L8: 23 | M8: 42
A9: U16 | B9: 45837 | C9: To | D9: Hanko | E9: Katoperä/ Paloniemi | F9: Uusitalo/ Peippo | G9: 0-2 | H9: 15-21,14-21 | K9: 1 | L9: 29 | M9: 42 | N9: 5
A10: U16 | B10: 45837 | C10: To | D10: Hanko | E10: Katoperä/ Paloniemi | F10: Hakala/ Peippo | G10: 2-0 | H10: 21-10,21-16 | I10: 1 | L10: 42 | M10: 26
A11: U16 | B11: 45837 | C11: To | D11: Hanko | E11: Katoperä/ Paloniemi | F11: Rajala/ Tuunainen | G11: 2-0 | H11: 21-18,28-26 | I11: 1 | L11: 49 | M11: 44
A12: U16 | B12: 45837 | C12: To | D12: Hanko | E12: Katoperä/ Paloniemi | F12: Heimala/ Lehiö | G12: 0-2 | H12: 16-21,20-22 | K12: 1 | L12: 36 | M12: 43 | N12: 5
A13: U16 | B13: 45839 | C13: Ti | D13: Jyväskylä | E13: Katoperä/ Antola | F13: Hakala/ Peippo | G13: 2-0 | H13: 21-14,21-13 | I13: 1 | L13: 42 | M13: 27
A14: U16 | B14: 45839 | C14: Ti | D14: Jyväskylä | E14: Katoperä/ Antola | F14: Välimäki/ Vuorentausta | G14: 0-2 | H14: 8-21,14-21 | K14: 1 | L14: 22 | M14: 42
A15: U16 | B15: 45839 | C15: Ti | D15: Jyväskylä | E15: Katoperä/ Antola | F15: Antikainen/ Puttonen | G15: 2-0 | H15: 21-16,21-16 | I15: 1 | L15: 42 | M15: 32
A16: U16 | B16: 45839 | C16: Ti | D16: Jyväskylä | E16: Katoperä/ Antola | F16: Sieppi/ Syri | G16: 0-2 | H16: 8-21,12-21 | K16: 1 | L16: 20 | M16: 42 | N16: 9
A17: U16 | B17: 45844 | C17: Su | D17: Helsinki | E17: Katoperä/Paloniemi | F17: Nurmi/ Keränen | G17: 2-0 | H17: 21-12,21-9 | I17: 1 | L17: 42 | M17: 21
A18: U16 | B18: 45844 | C18: Su | D18: Helsinki | E18: Katoperä/ Paloniemi | F18: Kerman/ Peltonen | G18: 0-2 | H18: 14-21,16-21 | K18: 1 | L18: 30 | M18: 42
A19: U16 | B19: 45844 | C19: Su | D19: Helsinki | E19: Katoperä/ Paloniemi | F19: Jokinen/ Mäenpää | G19: 2-0 | H19: 21-12,21-9 | I19: 1 | L19: 42 | M19: 21
A20: U16 | B20: 45844 | C20: Su | D20: Helsinki | E20: Katoperä/ Paloniemi | F20: Uusitalo/ Peippo | G20: 0-2 | H20: 18-21,8-21 | K20: 1 | L20: 26 | M20: 42 | N20: 5
A21: U16 | B21: 45868 | C21: Ke | D21: Turku | E21: Katoperä/Paloniemi | F21: Välimäki/ Vuorentausta | G21: 0-2 | H21: 12-21,19-21 | K21: 1 | L21: 31 | M21: 42
A22: U16 | B22: 45868 | C22: Ke | D22: Turku | E22: Katoperä/ Paloniemi | F22: Uusitalo/Peippo | G22: 0-2 | H22: 12-21,18-21 | K22: 1 | L22: 30 | M22: 42
A23: U16 | B23: 45868 | C23: Ke | D23: Turku | E23: Katoperä/ Paloniemi | F23: Antila/Tuunainen | G23: 0-2 | H23: 14-21,20-22 | K23: 1 | L23: 34 | M23: 42
A24: U16 | B24: 45868 | C24: Ke | D24: Turku | E24: Katoperä/ Paloniemi | F24: Rapeli/ Vilenius | G24: 2-0 | H24: 21-18.21-19 | I24: 1 | L24: 42 | M24: 37 | N24: 7
A25: U16 | B25: 46608 | C25: La | D25: Vantaa | E25: Katoperä/Paloniemi | F25: Nurmi/ Keränen | G25: 2-0 | H25: 21-7,21-14 | I25: 1 | L25: 42 | M25: 21
A26: U16 | B26: 46608 | C26: La | D26: Vantaa | E26: Katoperä/ Paloniemi | F26: Heimala/ Kerman | G26: 0-2 | H26: 17-21,17-21 | K26: 1 | L26: 34 | M26: 42
A27: U16 | B27: 46608 | C27: La | D27: Vantaa | E27: Katoperä/ Paloniemi | F27: Hakamäki/ Luoto | G27: 2-0 | H27: 21-4,21-8 | I27: 1 | L27: 42 | M27: 12
A28: U16 | B28: 46608 | C28: La | D28: Vantaa | E28: Katoperä/ Paloniemi | F28: Peippo/ Uusitalo | G28: 0-2 | H28: 13-21,13-21 | K28: 1 | L28: 26 | M28: 42 | N28: 5

Sheet U16_2024
A1: sarja | B1: päivä | C1: viikonpäivä | D1: Paikkakunta | G1: Tulos | H1: Eräpisteet | I1: 3 | J1: 2 | K1: 1 | L1: pisteet | M1: pisteet | N1: sijoitus | Q1: Katoperä/ Sieppi | R1: Muut | S1: yhteensä
A2: U16 | B2: 45423 | C2: La | D2: Vantaa | E2: Katoperä/ Sieppi | F2: Mattila/ Talvia | G2: 0-2 | H2: 15-21,16-21 | K2: 1 | L2: 31 | M2: 42 | P2: voitot | Q2: =SUM(I2:I13) -> 1 | R2: =SUM(K2:K13) -> 11 | S2: =SUM(Q2:R2) -> 12
A3: U16 | B3: 45423 | C3: La | D3: Vantaa | E3: Katoperä/ Sieppi | F3: Oivanen/ Holm | G3: 0-2 | H3: 8-21,13-21 | K3: 1 | L3: 21 | M3: 42 | P3: pisteet | Q3: =Q2*3 -> 3 | R3: =R2*3 -> 33 | S3: =SUM(Q3:R3) -> 36
A4: U16 | B4: 45423 | C4: La | D4: Vantaa | E4: Katoperä/ Sieppi | F4: Ruusumaa/ Kanerva | G4: 0-2 | H4: 13-21,13-21 | K4: 1 | L4: 26 | M4: 42 | N4: 9 | P4: eräpisteet | Q4: =SUM(L3:L13) -> 313 | R4: =SUM(M3:M13) -> 467 | S4: =SUM(Q4:R4) -> 780
A5: U16 | B5: 45458 | C5: La | D5: Eura | E5: Katoperä/ Sieppi | F5: Pöyhönen/ Peltonen | G5: 0-2 | H5: 15-21,18-21 | K5: 1 | L5: 33 | M5: 42
A6: U16 | B6: 45458 | C6: La | D6: Eura | E6: Katoperä/ Sieppi | F6: Kerman/ Nykänen | G6: 0-2 | H6: 10-21,14-21 | K6: 1 | L6: 24 | M6: 42
A7: U16 | B7: 45458 | C7: La | D7: Eura | E7: Katoperä/ Sieppi | F7: Nieminen/ Rapeli | G7: 1-2 | H7: 21-18,17-21,12-15 | K7: 1 | L7: 50 | M7: 54
A8: U16 | B8: 45458 | C8: La | D8: Eura | E8: Katoperä/ Sieppi | F8: Ruusumaa/ Kanerva | G8: 0-2 | H8: 7-21,5-21 | K8: 1 | L8: 12 | M8: 42 | N8: 15
A9: U16 | B9: 45461 | C9: Ti | D9: Tampere | E9: Katoperä/ Sieppi | F9: Riponiemi/ Laine | G9: 0-2 | H9: 17-21,14-21 | K9: 1 | L9: 31 | M9: 42
A10: U16 | B10: 45461 | C10: Ti | D10: Tampere | E10: Katoperä/ Sieppi | F10: Heimala/ Peltonen | G10: 0-2 | H10: 11-21,21-23 | K10: 1 | L10: 32 | M10: 42
A11: U16 | B11: 45461 | C11: Ti | D11: Tampere | E11: Katoperä/ Sieppi | F11: Kerman/ Nykänen | G11: 0-2 | H11: 4-21,8-21 | K11: 1 | L11: 12 | M11: 42
A12: U16 | B12: 45461 | C12: Ti | D12: Tampere | E12: Katoperä/ Sieppi | F12: Huhta/ Kumpulainen | G12: 2-0 | H12: 22-20,21-15 | I12: 1 | L12: 43 | M12: 35
A13: U16 | B13: 45461 | C13: Ti | D13: Tampere | E13: Katoperä/ Sieppi | F13: Rainio/ Vesanen | G13: 0-2 | H13: 14-21,15-21 | K13: 1 | L13: 29 | M13: 42 | N13: 15

Sheet U16_2023
A1: sarja | B1: päivä | C1: viikonpäivä | D1: Paikkakunta | G1: Tulos | H1: Eräpisteet | I1: 3 | J1: 1 | K1: 0 | L1: pisteet | M1: pisteet | N1: sijoitus | P1: Katoperä/ Huttunen | Q1: tasapeli | R1: Muut | S1: yhteensä
A2: U16 | B2: 45107 | C2: Pe | D2: Jyväskylä | E2: Katoperä/ Huttunen | F2: Viljamaa/ Kuikka | G2: 0-2 | H2: 8-21,12-21 | K2: 1 | L2: 20 | M2: 42 | O2: voitot | P2: =SUM(I2:I13) -> 1 | Q2: =SUM(J2:J13) -> 2 | R2: =SUM(K2:K13) -> 9 | S2: =SUM(P2:R2) -> 12
A3: U16 | B3: 45107 | C3: Pe | D3: Jyväskylä | E3: Katoperä/ Huttunen | F3: Poikonen/ Saloranta | G3: 0-2 | H3: 16-21,8-21 | K3: 1 | L3: 24 | M3: 42 | O3: pisteet | P3: =3*SUM(I2:I13)+SUM(J2:J13) -> 5 | R3: =SUM(K2:K13)*3+SUM(J2:J13) -> 29 | S3: =SUM(P3:R3) -> 34
A4: U16 | B4: 45107 | C4: Pe | D4: Jyväskylä | E4: Katoperä/ Huttunen | F4: Nevala/ Hietanen | G4: 1-1 | H4: 21-14,19-21 | J4: 1 | L4: 40 | M4: 35 | O4: eräpisteet | P4: =SUM(L2:L13) -> 327 | R4: =SUM(M2:M13) -> 496 | S4: =SUM(P4:R4) -> 823
A5: U16 | B5: 45107 | C5: Pe | D5: Jyväskylä | E5: Katoperä/ Huttunen | F5: Ruusumaa/ Kanerva | G5: 1-1 | H5: 14-21,21-17 | J5: 1 | L5: 35 | M5: 38
A6: U16 | B6: 45107 | C6: Pe | D6: Jyväskylä | E6: Katoperä/ Huttunen | F6: Harmanen/ Kuronen | G6: 1-2 | H6: 18-21,21-18,4-15 | K6: 1 | L6: 43 | M6: 54 | N6: 15
A7: U16 | B7: 45112 | C7: Ke | D7: Helsinki | E7: Katoperä/ Huttunen | F7: Roininen/ Peräsalo | G7: 0-2 | H7: 12-21,9-21 | K7: 1 | L7: 21 | M7: 42
A8: U16 | B8: 45112 | C8: Ke | D8: Helsinki | E8: Katoperä/ Huttunen | F8: Marttila/ Välimäki | G8: 0-2 | H8: 10-21,5-21 | K8: 1 | L8: 15 | M8: 42
A9: U16 | B9: 45112 | C9: Ke | D9: Helsinki | E9: Katoperä/ Huttunen | F9: Salmi/ Lietsala | G9: 2-0 | H9: 21-14,21-19 | I9: 1 | L9: 42 | M9: 33
A10: U16 | B10: 45112 | C10: Ke | D10: Helsinki | E10: Katoperä/ Huttunen | F10: Nevala/ Virtanen | G10: 0-2 | H10: 17-21,12-21 | K10: 1 | L10: 29 | M10: 42 | N10: 9
A11: U16 | B11: 45122 | C11: La | D11: Vaasa | E11: Katoperä/ Huttunen | F11: Ahonen/ Järvi-Laturi | G11: 0-2 | H11: 4-21,10-21 | K11: 1 | L11: 14 | M11: 42
A12: U16 | B12: 45122 | C12: La | D12: Vaasa | E12: Katoperä/ Huttunen | F12: Välimäki/ Roininen | G12: 0-2 | H12: 7-21,14-21 | K12: 1 | L12: 21 | M12: 42
A13: U16 | B13: 45122 | C13: La | D13: Vaasa | E13: Katoperä/ Huttunen | F13: Kuokkanen/ Hiitti | G13: 0-2 | H13: 10-21,13-21 | K13: 1 | L13: 23 | M13: 42 | N13: 9

Sheet U14_2023
A1: sarja | B1: päivä | C1: viikonpäivä | D1: Paikkakunta | G1: Tulos | H1: Eräpisteet | I1: 3 | J1: 1 | K1: 0 | L1: pisteet | M1: pisteet | N1: sijoitus | P1: Katoperä Paloniemi | Q1: Muut | R1: yhteensä
A2: U14 | B2: 45091 | C2: Ke | D2: Tampere | E2: Paloniemi/ Katoperä | F2: Lind/ Peippo | G2: 2-1 | H2: 21-18,18-21,15-11 | I2: 1 | L2: 54 | M2: 50 | O2: voitot | P2: =SUM(I2:I13) -> 9 | Q2: =SUM(K2:K13) -> 3 | R2: =SUM(P2:Q2) -> 12
A3: U14 | B3: 45091 | C3: Ke | D3: Tampere | E3: Paloniemi/ Katoperä | F3: Esko/ Kerman | G3: 0-2 | H3: 13-21,18-21 | K3: 1 | L3: 31 | M3: 42 | O3: pisteet | P3: =SUM(I2:I13)*3 -> 27 | Q3: =SUM(K2:K13)*3 -> 9 | R3: =SUM(P3:Q3) -> 36
A4: U14 | B4: 45091 | C4: Ke | D4: Tampere | E4: Paloniemi/ Katoperä | F4: Kuusipalo/ Isid | G4: 2-0 | H4: 21-5,21-4 | I4: 1 | L4: 42 | M4: 9 | O4: eräpisteet | P4: =SUM(L2:L13) -> 507 | Q4: =SUM(M2:M13) -> 356 | R4: =SUM(P4:Q4) -> 863
A5: U14 | B5: 45091 | C5: Ke | D5: Tampere | E5: Paloniemi/ Katoperä | F5: Mattila/ Laurila | G5: 2-0 | H5: 21-12,21-8 | I5: 1 | L5: 42 | M5: 20
A6: U14 | B6: 45091 | C6: Ke | D6: Tampere | E6: Paloniemi/ Katoperä | F6: Vesanen/ Rainio | G6: 2-1 | H6: 17-21,21-19,15-10 | I6: 1 | L6: 53 | M6: 50
A7: U14 | B7: 45091 | C7: Ke | D7: Tampere | E7: Paloniemi/ Katoperä | F7: Esko/ Kerman | G7: 0-2 | H7: 10-21,14-21 | K7: 1 | L7: 24 | M7: 42 | N7: 2
A8: U14 | B8: 45095 | C8: Su | D8: Eura | E8: Paloniemi/ Katoperä | F8: Laukkanen/ Sieppi | G8: 2-0 | H8: 21-3,21-11 | I8: 1 | L8: 42 | M8: 14
A9: U14 | B9: 45095 | C9: Su | D9: Eura | E9: Paloniemi/ Katoperä | F9: Kuusipalo/ Isid | G9: 2-0 | H9: 21-7,21-8 | I9: 1 | L9: 42 | M9: 15
A10: U14 | B10: 45095 | C10: Su | D10: Eura | E10: Paloniemi/ Katoperä | F10: Lind/ Peippo | G10: 2-0 | H10: 21-18,21-14 | I10: 1 | L10: 42 | M10: 32
A11: U14 | B11: 45095 | C11: Su | D11: Eura | E11: Paloniemi/ Katoperä | F11: Virkunen/ Schreibmaier | G11: 2-0 | H11: 21-7,21-2 | I11: 1 | L11: 42 | M11: 9
A12: U14 | B12: 45095 | C12: Su | D12: Eura | E12: Paloniemi/ Katoperä | F12: Vesanen/ Rainio | G12: 2-0 | H12: 21-7,21-14 | I12: 1 | L12: 42 | M12: 21
A13: U14 | B13: 45095 | C13: Su | D13: Eura | E13: Paloniemi/ Katoperä | F13: Esko/ Kerman | G13: 1-2 | H13: 17-21,21-16,13-15 | K13: 1 | L13: 51 | M13: 52 | N13: 2
