Workbook

Sheet M2 2025-2027
A1: seura | B1: kausi | C1: kaikki ottelut | D1: ottelut voitto | E1: ottelut tasapeli | F1: ottelut tappio | G1: pisteet omat | H1: pisteet muut | I1: eräpisteet Kaje | J1: eräpisteet muut | K1: sijoitus
A2: Kajastus | B2: 2025-2026 | C2: ='M2 2025-2026'!R2 -> 18 | D2: ='M2 2025-2026'!O2 -> 5 | F2: ='M2 2025-2026'!Q2 -> 13 | G2: ='M2 2025-2026'!O3 -> 16 | H2: ='M2 2025-2026'!Q3 -> 38 | I2: ='M2 2025-2026'!O4 -> 1414 | J2: ='M2 2025-2026'!Q4 -> 1595
A3: Pirkat | B3: 2026-2027 | C3: ='M2 2026-2027'!R2 -> 5 | D3: ='M2 2026-2027'!O2 -> 0 | E3: 0 | F3: ='M2 2026-2027'!Q2 -> 5 | G3: ='M2 2026-2027'!O3 -> 0 | H3: ='M2 2026-2027'!Q3 -> 15 | I3: ='M2 2026-2027'!O4 -> 326 | J3: ='M2 2026-2027'!Q4 -> 420
B4: yhteensä | C4: =SUM(C2:C3) -> 23 | D4: =SUM(D2:D3) -> 5 | E4: =SUM(E2:E3) -> 0 | F4: =SUM(F2:F3) -> 18 | G4: =SUM(G2:G3) -> 16 | H4: =SUM(H2:H3) -> 53 | I4: =SUM(I2:I3) -> 1740 | J4: =SUM(J2:J3) -> 2015

Sheet M2 2026-2027
A1: päivä | B1: viikonpäivä | E1: Tulos | F1: Eräpisteet | G1: 3 | H1: 2 | I1: 1 | J1: 0 | K1: pisteet | L1: pisteet | O1: Kajastus | P1: tasapeli | Q1: Muut | R1: yhteensä
A2: Su | B2: 27.9.2026 | C2: Pirkat | D2: AitRi | E2: 1-3 | F2: 16-25,14-25,29-27,19-25 | J2: 1 | K2: 78 | L2: 102 | N2: voitot | O2: =SUM(G2:G25)+SUM(H2:H25) -> 0 | Q2: =SUM(J2:J25)+SUM(I2:I25) -> 5 | R2: =SUM(O2:Q2) -> 5
A3: La | B3: 3.10.2026 | C3: Pirkat | D3: JyLe | E3: 0-3 | F3: 20-25,23-25-16-25 | J3: 1 | K3: 59 | L3: 75 | N3: pisteet | O3: =SUM(G2:G25)*3+SUM(H2:H25)*2+SUM(I2:I25) -> 0 | Q3: =SUM(J2:J25)*3+SUM(I2:I25)*2+SUM(H2:H25) -> 15 | R3: =SUM(O3:Q3) -> 15
A4: Su | B4: 11.10.2026 | C4: Pirkat | D4: NJ | E4: 0-3 | F4: 9-25,17-25,22-25 | J4: 1 | K4: 48 | L4: 75 | N4: eräpisteet | O4: =SUM(K2:K30) -> 326 | Q4: =SUM(L2:L30) -> 420 | R4: =SUM(O4:Q4) -> 746
A5: Su | B5: 18.10.2026 | C5: Pirkat | D5: VaLePa | E5: 1-3 | F5: 18-25,25-18,17-25,20-25 | J5: 1 | K5: 80 | L5: 93
A6: Su | B6: 25.10.2026 | C6: Pirkat | D6: Lempo | E6: 0-3 | F6: 22-25,24-26,17-25 | J6: 1 | K6: 61 | L6: 75

Sheet M2 2025-2026
A1: päivä | B1: viikonpäivä | E1: Tulos | F1: Eräpisteet | G1: 3 | H1: 2 | I1: 1 | J1: 0 | K1: pisteet | L1: pisteet | O1: Kajastus | P1: tasapeli | Q1: Muut | R1: yhteensä
A2: 45949 | B2: Su | C2: Kajastus | D2: Huki | E2: 1-3 | F2: 21-25,12-25,25-22,12-25 | J2: 1 | K2: 70 | L2: 97 | N2: voitot | O2: =SUM(G2:G25)+SUM(H2:H25) -> 5 | Q2: =SUM(J2:J25)+SUM(I2:I25) -> 13 | R2: =SUM(O2:Q2) -> 18
A3: 45956 | B3: Su | C3: Kajastus | D3: LiVo | E3: 3-0 | F3: 25-20,25-20,25-21 | G3: 1 | K3: 75 | L3: 61 | N3: pisteet | O3: =SUM(G2:G25)*3+SUM(H2:H25)*2+SUM(I2:I25) -> 16 | Q3: =SUM(J2:J25)*3+SUM(I2:I25)*2+SUM(H2:H25) -> 38 | R3: =SUM(O3:Q3) -> 54
A4: 45963 | B4: Su | C4: Kajastus | D4: KoLe-57 | E4: 1-3 | F4: 29-27,22-25,19-25,19-25 | J4: 1 | K4: 89 | L4: 102 | N4: eräpisteet | O4: =SUM(K2:K30) -> 1414 | Q4: =SUM(L2:L30) -> 1595 | R4: =SUM(O4:Q4) -> 3009
A5: 45969 | B5: La | C5: Kajastus | D5: JyLe | E5: 3-2 | F5: 21-25,25-20,22-25,27-25,16-14 | H5: 1 | K5: 111 | L5: 109
A6: 45976 | B6: La | C6: Kajastus | D6: Huki | E6: 0-3 | F6: 20-25-20-25,13-25 | J6: 1 | K6: 53 | L6: 75
A7: 45991 | B7: La | C7: Kajastus | D7: LiVo | E7: 3-1 | F7: 25-19,25-16,23-25,25-22 | G7: 1 | K7: 98 | L7: 82
A8: 45998 | B8: Su | C8: Kajastus | D8: KoLe-57 | E8: 3-0 | F8: 18-25,25-27,18-25 | J8: 1 | K8: 61 | L8: 77
A9: 46005 | B9: Su | C9: Kajastus | D9: JyLe | E9: 2-3 | F9: 25-18,25-18,19-25,24-26,12-15 | I9: 1 | K9: 105 | L9: 102
A10: 46032 | B10: La | C10: Kajastus | D10: KoKa | E10: 3-1 | F10: 25-23,25-23,13-25,25-23 | G10: 1 | K10: 88 | L10: 94
A11: 46040 | B11: Su | C11: Kajastus | D11: VaLePa | E11: 2-3 | F11: 25-22,21-25,25-16,15-25,10-15 | I11: 1 | K11: 96 | L11: 103
A12: 46047 | B12: Su | C12: Kajastus | D12: PuMa | E12: 2-3 | F12: 25-20,11-25,25-20,22-25,11-15 | I12: 1 | K12: 94 | L12: 105
A13: 46054 | B13: Su | C13: Kajastus | D13: Lempo-Volley | E13: 1-3 | F13: 16-25,20-25,27-25,16-25 | J13: 1 | K13: 79 | L13: 100
A14: 46061 | B14: Su | C14: Kajastus | D14: TamRy | E14: 1-3 | F14: 25-17,21-25,15-25,24-26 | J14: 1 | K14: 85 | L14: 92
A15: 46068 | B15: Su | C15: Kajastus | D15: KoKa | E15: 0-3 | F15: 17-25,17-25,16-25 | J15: 1 | K15: 50 | L15: 75
A16: 46075 | B16: Su | C16: Kajastus | D16: VaLePa | E16: 0-3 | F16: 17-25,19-25,11-25 | J16: 1 | K16: 47 | L16: 75
A17: 46081 | B17: La | C17: Kajastus | D17: PuMa | E17: 3-2 | F17: 25-13,21-25,25-21,24-26,15-11 | H17: 1 | K17: 110 | L17: 96
A18: 46089 | B18: Su | C18: Kajastus | D18: Lempo-Volley | E18: 0-3 | F18: 17-25,15-25,18-25 | J18: 1 | K18: 50 | L18: 75
A19: 45731 | B19: Su | C19: Kajastus | D19: TamRy | E19: 0-3 | F19: 21-25,15-25,17-25 | J19: 1 | K19: 53 | L19: 75
